Test-Name,G-DemBy-Dir,G-DemBy-Suff,G-Demands,G-Eval,G-Suffices,Graph-Nodes,T-DemBy,T-Demands,T-Eval,T-Suffices
desugar/list-comp-1,(0.24101350009441375 : 0.013730221352667049 : Nil),(7.141546994447708 : 0.43041520393507277 : Nil),(0.2788540005683899 : 0.10506189755346944 : Nil),(19.313371497392655 : 1.3870369316305868 : Nil),(0.2751575976610184 : 0.10616369108696946 : Nil),(26.8 : 0.0 : Nil),(7.283111104369164 : 0.43173732604641185 : Nil),(3.8754978984594346 : 0.5883441930344887 : Nil),(7.8882847994565966 : 1.1911437670920362 : Nil),(7.22028940320015 : 0.5282806014790414 : Nil)
desugar/list-comp-2,(0.4127286016941071 : 0.02159399911832225 : Nil),(20.395414301753043 : 0.3423289789609628 : Nil),(0.3902122020721436 : 0.031558444542853975 : Nil),(51.902790597081186 : 1.2624205472150363 : Nil),(0.17730550169944764 : 0.010910048685823301 : Nil),(83.5 : 0.0 : Nil),(19.295639100670815 : 0.3474829630920021 : Nil),(8.241980895400047 : 0.3522502332857088 : Nil),(21.215356904268265 : 0.3031535596944131 : Nil),(20.179387497901917 : 0.42426482985412034 : Nil)
desugar/list-comp-3,(0.20215390324592591 : 0.0061011282111417455 : Nil),(5.809663107991218 : 0.0612340295874085 : Nil),(0.13711210191249848 : 0.010406363329326226 : Nil),(13.183993101119995 : 0.10295889423175097 : Nil),(0.15005870163440704 : 0.0068585077579133924 : Nil),(26.0 : 0.0 : Nil),(4.40547639131546 : 0.06020016034952625 : Nil),(1.9602447956800462 : 0.06105443451324235 : Nil),(4.556548407673835 : 0.0717863726957772 : Nil),(4.50078449845314 : 0.042084808364803744 : Nil)
desugar/list-comp-4,(0.14377439618110657 : 0.0023092792249238695 : Nil),(2.4338846057653427 : 0.0775059091965657 : Nil),(0.0748135894536972 : 0.0024093233310411104 : Nil),(5.243613991141319 : 0.09755117162215193 : Nil),(0.14460580348968505 : 0.010789720166357673 : Nil),(11.1 : 0.0 : Nil),(1.680812194943428 : 0.05508872698990096 : Nil),(0.8132885009050369 : 0.026704301444160125 : Nil),(1.8088004022836686 : 0.07158688114298518 : Nil),(1.711103504896164 : 0.07176384444998993 : Nil)
desugar/list-comp-5,(0.11137599647045135 : 0.003723581010544114 : Nil),(1.6012019991874695 : 0.05124222579897462 : Nil),(0.06859339773654938 : 0.0028072334677130464 : Nil),(3.4635525047779083 : 0.07136420081342869 : Nil),(0.10989170074462891 : 0.009874138141061098 : Nil),(8.0 : 0.0 : Nil),(1.120608600974083 : 0.05173314761523762 : Nil),(0.5867110967636109 : 0.02285584811964986 : Nil),(1.1611351996660233 : 0.030740982412554876 : Nil),(1.1957422018051147 : 0.051798263609397474 : Nil)
desugar/list-comp-6,(0.0279200941324234 : 0.0005190468719033953 : Nil),(0.1610175997018814 : 0.02532342175508063 : Nil),(0.03412810266017914 : 0.00420553137919554 : Nil),(0.24366340637207032 : 0.03539042699282168 : Nil),(0.022119095921516417 : 0.0006249924029663266 : Nil),(0.8 : 0.0 : Nil),(0.022437506914138795 : 0.00048700324044530127 : Nil),(0.024932199716567995 : 0.0019230717751172182 : Nil),(0.031249603629112242 : 0.004248644453344416 : Nil),(0.029173797369003295 : 0.004070237083841305 : Nil)
desugar/list-comp-7,(0.11309239864349366 : 0.002056060457300566 : Nil),(2.0049172967672346 : 0.04678280985062393 : Nil),(0.07305409014225006 : 0.0035180820722009684 : Nil),(3.9960051983594895 : 0.0653016721867618 : Nil),(0.09739890694618225 : 0.003459171233654067 : Nil),(9.3 : 0.0 : Nil),(1.3028941929340363 : 0.06877950138619675 : Nil),(0.5916440993547439 : 0.025376311438152565 : Nil),(1.3190795987844468 : 0.04128765521316939 : Nil),(1.2826375037431716 : 0.05077730537076582 : Nil)
desugar/list-comp-8,(0.22528270483016968 : 0.027126163087692702 : Nil),(2.884163501858711 : 0.09929700512119968 : Nil),(0.11115330159664154 : 0.004961279772301692 : Nil),(6.610329398512841 : 0.25089622614431856 : Nil),(0.20151690244674683 : 0.034081933809308546 : Nil),(11.2 : 0.0 : Nil),(2.308763200044632 : 0.07494605972906959 : Nil),(1.1867443054914475 : 0.04775383116609298 : Nil),(2.579545500874519 : 0.13716649139090686 : Nil),(2.479592192173004 : 0.1323732421202256 : Nil)
desugar/list-comp-9,(0.1924494981765747 : 0.013058068139390344 : Nil),(3.2406383037567137 : 0.08331256019005599 : Nil),(0.10381600558757782 : 0.007540471775598301 : Nil),(6.782429099082947 : 0.08100984756393502 : Nil),(0.14680329859256744 : 0.006339073309392462 : Nil),(13.3 : 0.0 : Nil),(2.0209912985563276 : 0.06579225989358425 : Nil),(1.1294041991233825 : 0.04162020825540398 : Nil),(2.081205204129219 : 0.07256623329508007 : Nil),(2.0182976007461546 : 0.08366025622930912 : Nil)
desugar/list-comp-10,(0.18062499761581421 : 0.014900914424803683 : Nil),(1.7314182996749878 : 0.1061775599044992 : Nil),(0.11134649813175201 : 0.02925157190843059 : Nil),(3.2582274079322815 : 0.14081295431158689 : Nil),(0.15963369905948638 : 0.008652836831099003 : Nil),(6.1 : 0.0 : Nil),(1.073557695746422 : 0.055190123229403636 : Nil),(0.662748497724533 : 0.04534523961893293 : Nil),(1.2134104013442992 : 0.05405576512169404 : Nil),(1.1488845944404602 : 0.06593611475575653 : Nil)
desugar/list-enum,(0.07451889216899872 : 0.0035369037624900894 : Nil),(1.2893432974815369 : 0.04848701281494859 : Nil),(0.08422170281410217 : 0.019510571602596727 : Nil),(3.0080445021390916 : 0.07427185221903282 : Nil),(0.06199710667133331 : 0.0033019230059996804 : Nil),(6.3 : 0.0 : Nil),(1.1175097048282623 : 0.05128177012975319 : Nil),(0.4692653059959412 : 0.012218380122925719 : Nil),(1.1150611013174057 : 0.031655947996371406 : Nil),(1.0821710020303725 : 0.04772251662164956 : Nil)
arithmetic,(0.08419690132141114 : 0.0041536723384188535 : Nil),(0.6419288039207458 : 0.04586985784250342 : Nil),(0.061156800389289855 : 0.007260789896582334 : Nil),(0.9584984064102173 : 0.06697140041785977 : Nil),(0.0612153023481369 : 0.003558982642600154 : Nil),(2.6 : 0.0 : Nil),(0.15607739686965943 : 0.04142764967770656 : Nil),(0.15505729615688324 : 0.019353748567684625 : Nil),(0.15339169800281524 : 0.02827313857554184 : Nil),(0.11093020141124725 : 0.0042510103606268786 : Nil)
array,(0.09533999562263488 : 0.006366440515559267 : Nil),(1.343901202082634 : 0.13823242973565153 : Nil),(0.08613729774951935 : 0.008988012387827751 : Nil),(1.8851684004068374 : 0.16368344840905835 : Nil),(0.0837393045425415 : 0.009556822903614684 : Nil),(4.2 : 0.0 : Nil),(0.3116056054830551 : 0.03161514282066294 : Nil),(0.4849347025156021 : 0.06831879533927471 : Nil),(0.6044552952051163 : 0.14327603031940922 : Nil),(0.3444824993610382 : 0.032565010966736335 : Nil)
compose,(0.06935949623584747 : 0.00441193612281084 : Nil),(0.3610083043575287 : 0.03321639671965272 : Nil),(0.04439240097999573 : 0.0028711408732173486 : Nil),(0.5587061971426011 : 0.0432172756820924 : Nil),(0.05617899894714355 : 0.004174252208154824 : Nil),(1.4 : 0.0 : Nil),(0.10120989382266998 : 0.010150078941331827 : Nil),(0.13445309698581695 : 0.007395066804698522 : Nil),(0.12955110073089598 : 0.03310892405618034 : Nil),(0.10205899477005005 : 0.006080848193751176 : Nil)
dicts,(0.15759700536727905 : 0.014195984435064207 : Nil),(1.5659982979297637 : 0.1673295426386958 : Nil),(0.127053302526474 : 0.020345542133583316 : Nil),(2.517231100797653 : 0.22905728614052154 : Nil),(0.1550554007291794 : 0.03813465713034521 : Nil),(5.0 : 0.0 : Nil),(0.24106239676475524 : 0.027373830942598217 : Nil),(0.561734801530838 : 0.105909034756718 : Nil),(0.36495940387248993 : 0.06454691864626573 : Nil),(0.2697776943445206 : 0.024019921689101907 : Nil)
div-mod-quot-rem,(0.13610979914665222 : 0.0042972055044623245 : Nil),(4.118939599394798 : 0.23831445532666765 : Nil),(0.11805489957332611 : 0.003615819902016434 : Nil),(6.6281278997659685 : 0.46160537080328473 : Nil),(0.11867890357971192 : 0.00956388566959478 : Nil),(15.0 : 0.0 : Nil),(0.41565159857273104 : 0.04111591014385405 : Nil),(0.31769090294837954 : 0.05222967519193188 : Nil),(0.47036959826946256 : 0.05606307732837435 : Nil),(0.39635010361671447 : 0.035316999709356305 : Nil)
factorial,(0.12773789763450621 : 0.02755634941415392 : Nil),(1.9722732990980147 : 0.19447076545211758 : Nil),(0.08222580850124359 : 0.008829857297429024 : Nil),(4.790417596697807 : 0.4805028810712234 : Nil),(0.06533750593662262 : 0.005498812057780425 : Nil),(9.7 : 0.0 : Nil),(1.47345030605793 : 0.14412826767153686 : Nil),(0.894922399520874 : 0.16083766529962668 : Nil),(1.60435289144516 : 0.17955138471443094 : Nil),(1.4801741003990174 : 0.1270646841358609 : Nil)
filter,(0.09764720499515533 : 0.004597755607486808 : Nil),(0.9065325021743774 : 0.03748313682927329 : Nil),(0.06813150644302368 : 0.0030175370816128643 : Nil),(2.148027095198631 : 0.09106389137209567 : Nil),(0.10908929705619812 : 0.02554588235955196 : Nil),(4.9 : 0.0 : Nil),(0.8527547955513001 : 0.04663861096556113 : Nil),(0.5073331981897354 : 0.052298023027338957 : Nil),(0.8609308034181595 : 0.0386808904680939 : Nil),(0.7942531049251557 : 0.03871233686281292 : Nil)
first-class-constr,(0.13238129913806915 : 0.009398448691490605 : Nil),(1.632972002029419 : 0.07890953217590362 : Nil),(0.11347340047359467 : 0.010937262957582272 : Nil),(3.4269451022148134 : 0.15958496888399898 : Nil),(0.1160591036081314 : 0.00436153093927233 : Nil),(6.6 : 0.0 : Nil),(0.9117457002401352 : 0.059620054192147366 : Nil),(0.5044871062040329 : 0.03473537461743334 : Nil),(1.156698900461197 : 0.06877201003274236 : Nil),(0.9785638928413392 : 0.04867482585079065 : Nil)
flatten,(0.13462560176849364 : 0.015277966878907347 : Nil),(2.2258078038692473 : 0.16638607840785619 : Nil),(0.12239899933338165 : 0.015348233292236075 : Nil),(5.1586490958929065 : 0.23982921393207707 : Nil),(0.12738770246505737 : 0.016780380826034346 : Nil),(8.7 : 0.0 : Nil),(1.6590543985366821 : 0.0970578371108447 : Nil),(0.6560683995485306 : 0.04212536587657248 : Nil),(1.8126272946596145 : 0.14340431374854357 : Nil),(1.7436977058649064 : 0.10907718169162649 : Nil)
foldr-sumSquares,(0.12233499884605407 : 0.009752078787146418 : Nil),(1.2845803022384643 : 0.07162566340215798 : Nil),(0.07921059727668762 : 0.006777898542729425 : Nil),(2.9174729019403456 : 0.14042574280690587 : Nil),(0.09331369698047638 : 0.006275434433442568 : Nil),(5.7 : 0.0 : Nil),(0.8940397053956985 : 0.04365521767933672 : Nil),(0.553200101852417 : 0.019348988523047426 : Nil),(0.9952679961919785 : 0.06975759507890565 : Nil),(0.9006551951169968 : 0.05160354109928869 : Nil)
include-input-into-output,(0.025984698534011842 : 0.0005695220376700611 : Nil),(0.0820351004600525 : 0.0035447975512544415 : Nil),(0.026910492777824403 : 0.0010695974055265286 : Nil),(0.13804909586906433 : 0.023218244447362087 : Nil),(0.02448039948940277 : 0.002356980784857977 : Nil),(0.3 : 0.0 : Nil),(0.013440698385238647 : 0.0005560987434438556 : Nil),(0.024172094464302064 : 0.0018715317127169452 : Nil),(0.020822402834892274 : 0.002397729599265414 : Nil),(0.015327996015548706 : 0.0014891931193080719 : Nil)
lexicalScoping,(0.060651904344558714 : 0.003930852258054002 : Nil),(0.34608639478683473 : 0.04681453973272611 : Nil),(0.04185350239276886 : 0.004755292332037621 : Nil),(0.5458866029977798 : 0.06338177095749609 : Nil),(0.049357903003692624 : 0.003447158236508185 : Nil),(1.7 : 0.0 : Nil),(0.08184069991111756 : 0.003845246394805514 : Nil),(0.12376820147037507 : 0.008142033068623242 : Nil),(0.10551519989967346 : 0.01516266530814921 : Nil),(0.08922331035137177 : 0.004043604361337791 : Nil)
length,(0.08921509981155396 : 0.0028876074880953275 : Nil),(0.6757508039474487 : 0.022712457493754872 : Nil),(0.05822049975395203 : 0.003757608683590129 : Nil),(1.2454455971717835 : 0.06997545628200444 : Nil),(0.07149840295314788 : 0.0035183106217618314 : Nil),(2.4 : 0.0 : Nil),(0.3340838998556137 : 0.009550537527110348 : Nil),(0.21153939962387086 : 0.007062118646214028 : Nil),(0.38422000110149385 : 0.015985102105757473 : Nil),(0.4067472964525223 : 0.04136483511371516 : Nil)
lookup,(0.17234630286693572 : 0.008768172539848351 : Nil),(2.483033999800682 : 0.0317519163971148 : Nil),(0.12528699934482573 : 0.03118865650960498 : Nil),(4.462376296520233 : 0.1688765954076785 : Nil),(0.14073789417743682 : 0.008383502921960849 : Nil),(9.6 : 0.0 : Nil),(1.2642648994922638 : 0.06639943536955735 : Nil),(0.6078573048114777 : 0.03337940093552957 : Nil),(1.2532582968473434 : 0.055631279827584444 : Nil),(1.2261156052350999 : 0.05194787054425914 : Nil)
map,(0.12200639843940735 : 0.005992733496750844 : Nil),(1.7312144935131073 : 0.09273799847086402 : Nil),(0.09793879687786103 : 0.005208138090363804 : Nil),(3.5344110995531084 : 0.1913939458953443 : Nil),(0.10399520397186279 : 0.004981331567561113 : Nil),(6.9 : 0.0 : Nil),(1.1702637016773223 : 0.076022005951345 : Nil),(0.6809820026159287 : 0.06927660346748148 : Nil),(1.2218578040599823 : 0.038442968348226324 : Nil),(1.1635143995285033 : 0.03452185285771007 : Nil)
mergeSort,(0.17199139297008514 : 0.014501768786930401 : Nil),(3.6609881997108458 : 0.09512709629282293 : Nil),(0.10964319705963135 : 0.0032245072823022317 : Nil),(11.259530299901963 : 0.16890319444663704 : Nil),(0.16709940135478973 : 0.024755154538731144 : Nil),(16.2 : 0.0 : Nil),(5.242821606993675 : 0.12024029093736008 : Nil),(1.3240399003028869 : 0.02911408878174682 : Nil),(5.437007394433022 : 0.128373490135742 : Nil),(5.365745204687118 : 0.1650477062210752 : Nil)
normalise,(0.08909889757633209 : 0.005663330943569151 : Nil),(0.6297872990369797 : 0.054790763902339105 : Nil),(0.0719440072774887 : 0.007906787647775462 : Nil),(1.1389027029275893 : 0.10753250243613062 : Nil),(0.07674649357795715 : 0.008853448495213563 : Nil),(3.0 : 0.0 : Nil),(0.20043460428714752 : 0.017105073670197382 : Nil),(0.23589759767055513 : 0.030539245062361667 : Nil),(0.20112380087375642 : 0.02672073364190615 : Nil),(0.1854155033826828 : 0.019033353080886033 : Nil)
nub,(0.14952650368213655 : 0.017327217178740202 : Nil),(2.9976286977529525 : 0.28532231986572637 : Nil),(0.10134530365467072 : 0.005392523628775356 : Nil),(7.845473095774651 : 0.3463045625347863 : Nil),(0.15826919972896575 : 0.02733815404052005 : Nil),(12.8 : 0.0 : Nil),(3.1989384055137635 : 0.20929789032009904 : Nil),(1.5536774009466172 : 0.12704652692989102 : Nil),(3.283651602268219 : 0.15931109265014187 : Nil),(3.9659861028194427 : 0.3312670101144815 : Nil)
pattern-match,(0.27350409924983976 : 0.03232122398683757 : Nil),(4.41356820166111 : 0.419106719006511 : Nil),(0.14076769948005677 : 0.011710337609584542 : Nil),(6.84314090013504 : 0.36997367761363437 : Nil),(0.22622569799423217 : 0.02006420241390526 : Nil),(10.5 : 0.0 : Nil),(2.088729199767113 : 0.18241971797143183 : Nil),(0.7279211968183518 : 0.06831457353778751 : Nil),(1.9828773975372314 : 0.1763135138771146 : Nil),(2.2429650992155077 : 0.2034762528736203 : Nil)
range,(0.3401588946580887 : 0.06696623992053984 : Nil),(6.621775799989701 : 0.8042544158712435 : Nil),(0.17124219834804535 : 0.016975070952013737 : Nil),(14.30046499967575 : 1.1018046068290568 : Nil),(0.22304670214653016 : 0.01978375956110938 : Nil),(21.0 : 0.0 : Nil),(4.870295199751854 : 0.18082805935075116 : Nil),(2.5622737020254136 : 0.24199006855042574 : Nil),(5.561213696002961 : 0.5707067766481762 : Nil),(5.100090602040291 : 0.3728610570345231 : Nil)
records,(0.26747070252895355 : 0.014111610472506409 : Nil),(5.862030696868897 : 0.19338340495546652 : Nil),(0.1509505033493042 : 0.017030344954137033 : Nil),(8.478181898593903 : 0.25874440858826253 : Nil),(0.2681658983230591 : 0.03889572286184266 : Nil),(15.3 : 0.0 : Nil),(1.4270960986614227 : 0.05038161787102688 : Nil),(1.1034801065921784 : 0.06085417190345164 : Nil),(1.7005123972892762 : 0.1316208142328426 : Nil),(1.51282659471035 : 0.04937711977810272 : Nil)
record-lookup,(0.11047059893608094 : 0.0059456249243695185 : Nil),(0.8087584048509597 : 0.031599399233030456 : Nil),(0.0635709971189499 : 0.0034754495111282294 : Nil),(1.8218128979206085 : 0.04499991258718507 : Nil),(0.09017999768257141 : 0.003625261075387321 : Nil),(3.5 : 0.0 : Nil),(0.44480201303958894 : 0.014498603333566921 : Nil),(0.3374171942472458 : 0.047001803897521705 : Nil),(0.49421079754829406 : 0.02061022295253211 : Nil),(0.4364370971918106 : 0.014837088818828266 : Nil)
reverse,(0.10422780513763427 : 0.005082858162126396 : Nil),(0.7894643932580948 : 0.040366979001317936 : Nil),(0.0656570017337799 : 0.003681857028180047 : Nil),(1.5680232018232345 : 0.0525190208020657 : Nil),(0.09820489287376404 : 0.006867549787989323 : Nil),(3.3 : 0.0 : Nil),(0.6331842035055161 : 0.043672947467055606 : Nil),(0.3308838963508606 : 0.030542394115980115 : Nil),(0.686383792757988 : 0.047531234538240964 : Nil),(0.5704320996999741 : 0.009411802618918892 : Nil)
slicing/add,(0.155151304602623 : 0.00569114988784199 : Nil),(0.08402359485626221 : 0.003606239360823081 : Nil),(0.19179929792881012 : 0.02631454183794233 : Nil),(0.2908339023590088 : 0.028001525709462086 : Nil),(0.1517637014389038 : 0.005455670804479807 : Nil),(1.1 : 0.0 : Nil),(0.02942690849304199 : 0.001962147596994659 : Nil),(0.04192519783973694 : 0.003779094841552423 : Nil),(0.03221790194511413 : 0.002862975412651557 : Nil),(0.03021389842033386 : 0.0007110280098155548 : Nil)
slicing/array/lookup,(0.3665606021881104 : 0.010136609840963826 : Nil),(11.005026003718376 : 0.18834679965322199 : Nil),(0.3431889057159424 : 0.025532570900971382 : Nil),(22.544162100553514 : 1.0031713575216408 : Nil),(0.2191931962966919 : 0.007997643245805595 : Nil),(42.2 : 0.0 : Nil),(7.262593999505043 : 0.25125686860826685 : Nil),(3.541603499650955 : 0.12277878894735722 : Nil),(7.907978001236915 : 1.110937377566581 : Nil),(7.170784604549408 : 0.29192179144399194 : Nil)
slicing/array/dims,(0.4635955959558487 : 0.015162957635785247 : Nil),(0.19775090515613555 : 0.008605155517611762 : Nil),(0.3040120959281921 : 0.012708653686364682 : Nil),(1.0545219033956528 : 0.05939721916824337 : Nil),(0.3796223998069763 : 0.04107333333195734 : Nil),(2.6 : 0.0 : Nil),(0.1482077032327652 : 0.005788340332910591 : Nil),(0.20523520112037658 : 0.011236833496732197 : Nil),(0.18217520117759706 : 0.01048050698449349 : Nil),(0.14995160400867463 : 0.005309317477858115 : Nil)
slicing/convolution/edgeDetect,(297.0571258991957 : 10.96118086737613 : Nil),(695.1440548032522 : 5.475060029615569 : Nil),(14.614010801911354 : 0.46434290734924266 : Nil),(1881.8718512028456 : 21.07799466696782 : Nil),(9.674296495318412 : 0.6380306561383515 : Nil),(2704.9 : 0.0 : Nil),(621.3383872061968 : 6.001752596297558 : Nil),(263.39432580173013 : 4.362205711566806 : Nil),(707.4314981013537 : 12.139655322302778 : Nil),(654.2892226994038 : 9.356670394598524 : Nil)
slicing/convolution/emboss,(260.0382979989052 : 1.426710834483934 : Nil),(524.3135444968939 : 9.462525745272403 : Nil),(10.902207899093629 : 0.24264767444082622 : Nil),(1560.9017476022243 : 9.764690291808037 : Nil),(3.747816601395607 : 0.14658613015740096 : Nil),(2146.8 : 0.0 : Nil),(556.4729860037565 : 3.8186860971713084 : Nil),(231.45267540216446 : 4.536217607958331 : Nil),(601.6189477980137 : 6.75460450825646 : Nil),(584.0000115990639 : 10.907404638451244 : Nil)
slicing/convolution/gaussian,(284.7507365018129 : 7.592347780440614 : Nil),(525.7997772037983 : 5.953606211256374 : Nil),(12.667475602030754 : 1.6367787776238776 : Nil),(1609.693821594119 : 12.064384598135023 : Nil),(4.201108303666115 : 0.43708030285984895 : Nil),(2146.8 : 0.0 : Nil),(571.8267498105764 : 8.501128446824126 : Nil),(233.8388140976429 : 5.202586648026848 : Nil),(648.5314721018076 : 15.435175796542511 : Nil),(593.3862366020679 : 13.730868398509386 : Nil)
slicing/dict/create,(0.20643520057201387 : 0.007613755894636094 : Nil),(0.2691697984933853 : 0.007894272182392298 : Nil),(0.2113710016012192 : 0.006671115550533751 : Nil),(0.5319223016500473 : 0.017991693183574055 : Nil),(0.19210390448570253 : 0.007076305817822775 : Nil),(1.5 : 0.0 : Nil),(0.05862770080566406 : 0.005681361238186211 : Nil),(0.09522090256214141 : 0.0041052968543696024 : Nil),(0.07175370454788207 : 0.005848299969719549 : Nil),(0.0527959018945694 : 0.001561377931993717 : Nil)
slicing/dict/difference,(0.19864479899406434 : 0.006443029112397522 : Nil),(0.5241470992565155 : 0.05530558059467019 : Nil),(0.17663530707359315 : 0.002402706213848821 : Nil),(0.7608707964420318 : 0.04201743153771327 : Nil),(0.18168029487133025 : 0.0035324623044687806 : Nil),(2.6 : 0.0 : Nil),(0.09283829629421234 : 0.0031428406214030393 : Nil),(0.16676400303840638 : 0.010927604968626667 : Nil),(0.11802270114421845 : 0.00923921319227989 : Nil),(0.1027039110660553 : 0.005021465199960731 : Nil)
slicing/dict/disjointUnion,(0.1404753029346466 : 0.0046667442467104095 : Nil),(0.2778946965932846 : 0.006062631319643359 : Nil),(0.15094720125198363 : 0.005724287660816966 : Nil),(0.47698479890823364 : 0.01729564121338166 : Nil),(0.12464179992675781 : 0.004637193712036631 : Nil),(1.9 : 0.0 : Nil),(0.05631589591503143 : 0.002683076936924023 : Nil),(0.10347160398960113 : 0.00683287091551999 : Nil),(0.11587390005588531 : 0.031001994646746328 : Nil),(0.05785150527954101 : 0.0014545888021519353 : Nil)
slicing/dict/foldl,(0.2599745988845825 : 0.008473947422325552 : Nil),(2.4776277005672456 : 0.0757524451301255 : Nil),(0.24210489988327027 : 0.007206081429887897 : Nil),(6.132083597779274 : 0.08692777027490547 : Nil),(0.23218670189380647 : 0.00840180418931317 : Nil),(11.0 : 0.0 : Nil),(2.2866069942712786 : 0.08928812910428803 : Nil),(1.1660651028156281 : 0.05298066024771304 : Nil),(2.658431997895241 : 0.12489174340754386 : Nil),(2.2905029982328413 : 0.07064586661502564 : Nil)
slicing/dict/intersectionWith,(0.3325829982757568 : 0.03490649802534692 : Nil),(0.6666393011808396 : 0.05392054383707 : Nil),(0.29646410048007965 : 0.012569317034826166 : Nil),(1.3626151919364928 : 0.07956256668187767 : Nil),(0.32560810446739197 : 0.03174269735140443 : Nil),(4.8 : 0.0 : Nil),(0.1929778963327408 : 0.006611723539530431 : Nil),(0.324701601266861 : 0.03206476511695317 : Nil),(0.28326719999313354 : 0.037782367018513695 : Nil),(0.2047257035970688 : 0.0059671940392457745 : Nil)
slicing/dict/get,(0.13975009620189666 : 0.002812829678119387 : Nil),(0.5550615012645721 : 0.02807567028838631 : Nil),(0.13706870079040528 : 0.005864848746264643 : Nil),(0.9185060948133469 : 0.062137360097111405 : Nil),(0.13012419641017914 : 0.00433096255496501 : Nil),(3.4 : 0.0 : Nil),(0.1031038999557495 : 0.0028788376320539734 : Nil),(0.1796025037765503 : 0.011000478673560863 : Nil),(0.1675463944673538 : 0.028894743304508964 : Nil),(0.11734179556369781 : 0.0032185792855780318 : Nil)
slicing/dict/map,(0.33332579433917997 : 0.03663139308334432 : Nil),(1.3550558030605315 : 0.058084633368406344 : Nil),(0.2550085991621017 : 0.011703122093827486 : Nil),(2.4197423070669175 : 0.07933776375227883 : Nil),(0.3112098008394241 : 0.028929259376608493 : Nil),(6.9 : 0.0 : Nil),(0.35229829549789426 : 0.03460754720978299 : Nil),(0.45316400825977327 : 0.03881425251918062 : Nil),(0.4122337967157364 : 0.03412516796057965 : Nil),(0.40213189721107484 : 0.05997290843269317 : Nil)
slicing/divide,(0.15251990556716918 : 0.03639835702236334 : Nil),(0.0694251000881195 : 0.0018961253122967382 : Nil),(0.1213168054819107 : 0.003787494543750961 : Nil),(0.17998969852924346 : 0.006366452354622066 : Nil),(0.11541339755058289 : 0.005223620533186163 : Nil),(0.7 : 0.0 : Nil),(0.021347904205322267 : 0.0011551675874826057 : Nil),(0.029345396161079406 : 0.0027231298612253913 : Nil),(0.0319584995508194 : 0.008320037161859235 : Nil),(0.022489097714424134 : 0.0009575089506359107 : Nil)
slicing/dict/match,(0.43941750228404997 : 0.06098111053085128 : Nil),(0.2060211032629013 : 0.046175346679310135 : Nil),(0.2293028026819229 : 0.018822647032542883 : Nil),(0.6790506929159165 : 0.10569096919419849 : Nil),(0.2901170015335083 : 0.026940939828836143 : Nil),(1.6 : 0.0 : Nil),(0.1301580011844635 : 0.009288275066842235 : Nil),(0.15985719859600067 : 0.009186191026075914 : Nil),(0.1472160965204239 : 0.009685952183317637 : Nil),(0.13506390750408173 : 0.010219796166798367 : Nil)
slicing/dtw/compute-dtw,(13070.047150403261 : 54.44602039811159 : Nil),(158.635868999362 : 2.9018034148694243 : Nil),(14.918726307153701 : 0.8122329957466722 : Nil),(489.3072637975216 : 12.97824062653192 : Nil),(35.2873742043972 : 2.0594881637733105 : Nil),(603.8 : 0.0 : Nil),(133.06404969990254 : 3.337072107388651 : Nil),(86.92519680261611 : 3.8300665432418297 : Nil),(184.21013970077038 : 8.150465485831097 : Nil),(145.07007149755955 : 4.539117645621104 : Nil)
slicing/dtw/average-series,(11630.218745097518 : 65.69310466824409 : Nil),(233.33314329981803 : 2.8814189419140646 : Nil),(3.808925300836563 : 0.17924011181815802 : Nil),(535.1510931968689 : 9.104451244431626 : Nil),(2.6407152980566027 : 0.1958659822080885 : Nil),(656.9 : 0.0 : Nil),(142.83876850008966 : 3.985034105781423 : Nil),(88.79649289548396 : 3.549599272041593 : Nil),(196.75130099952221 : 4.455395829409155 : Nil),(148.708008402586 : 1.7073240970934227 : Nil)
slicing/filter,(0.9667461007833481 : 0.14346011563849534 : Nil),(0.6684330999851227 : 0.11638771644665179 : Nil),(0.26866590082645414 : 0.005117348462674994 : Nil),(3.3081866979598997 : 0.20891222525216965 : Nil),(0.6470825999975205 : 0.11059136366422127 : Nil),(5.6 : 0.0 : Nil),(1.4222558975219726 : 0.19528826474787273 : Nil),(0.49041500091552737 : 0.01769901646766362 : Nil),(1.3560003072023392 : 0.14034978749001592 : Nil),(1.307379499077797 : 0.18204830127116414 : Nil)
slicing/intersperse,(0.6496900945901871 : 0.006598165248125743 : Nil),(0.7251321911811829 : 0.028430514227339596 : Nil),(0.32082379758358004 : 0.028729168104737298 : Nil),(3.617480105161667 : 0.142991491674384 : Nil),(0.4361172020435333 : 0.025612474742722637 : Nil),(5.1 : 0.0 : Nil),(0.6305913001298904 : 0.014467685821710659 : Nil),(0.33090120255947114 : 0.007757237386441499 : Nil),(0.6871358036994935 : 0.015528332281064696 : Nil),(0.6376842021942138 : 0.013703668644627324 : Nil)
slicing/intersperse,(0.7863802999258042 : 0.11026232110640893 : Nil),(0.8548579037189483 : 0.1456248421944592 : Nil),(0.4595449954271317 : 0.1088077079797044 : Nil),(2.827427604794502 : 0.19317227072737614 : Nil),(0.7320771992206574 : 0.15331392837694358 : Nil),(5.1 : 0.0 : Nil),(0.6827873975038529 : 0.11764904019789993 : Nil),(0.45079430043697355 : 0.12431932483800565 : Nil),(0.7370439946651459 : 0.09592356681560502 : Nil),(0.5745493948459626 : 0.00990140663125143 : Nil)
slicing/length,(0.8539585053920746 : 0.14068780072540937 : Nil),(0.390986892580986 : 0.1093623090894228 : Nil),(0.746947193145752 : 0.1524977789867018 : Nil),(1.9574831008911133 : 0.166196305152591 : Nil),(0.8107483923435211 : 0.14080244001113473 : Nil),(4.8 : 0.0 : Nil),(0.6264032065868378 : 0.11719199122797624 : Nil),(0.29759140610694884 : 0.011920061514117432 : Nil),(0.6483095020055771 : 0.0992184114215054 : Nil),(0.6197532922029495 : 0.10756780963188775 : Nil)
slicing/list-comp,(3.5581853955984117 : 0.09085270421365546 : Nil),(9.239635390043258 : 0.1522346867668961 : Nil),(0.8378096997737885 : 0.13256744281667596 : Nil),(29.630927896499635 : 0.36078772532224546 : Nil),(2.3606401950120928 : 0.15207462287643644 : Nil),(41.2 : 0.0 : Nil),(9.562023302912712 : 0.2928289835218185 : Nil),(4.625507399439812 : 0.11929664517456977 : Nil),(10.178645107150079 : 0.3539229154978763 : Nil),(10.113928803801537 : 0.20169365797194289 : Nil)
slicing/list-comp,(3.5523068994283675 : 0.10562616880503017 : Nil),(9.100573298335075 : 0.12366281515656663 : Nil),(0.6593391984701157 : 0.07462861993966576 : Nil),(28.959342694282533 : 0.25948692679148827 : Nil),(2.1249489009380342 : 0.1571311136861145 : Nil),(41.2 : 0.0 : Nil),(9.45247099995613 : 0.16875267659233592 : Nil),(4.059679099917412 : 0.16984064013966627 : Nil),(9.765491399168969 : 0.21353528664054772 : Nil),(9.68499509692192 : 0.16536742303536903 : Nil)
slicing/lookup,(1.6382450997829436 : 0.16282670116033093 : Nil),(0.9290458023548126 : 0.00958247985211654 : Nil),(0.9736820995807648 : 0.14874757152971815 : Nil),(4.97457469701767 : 0.15659252908595317 : Nil),(1.278138703107834 : 0.1704393084518852 : Nil),(9.6 : 0.0 : Nil),(0.947085103392601 : 0.01147203256894171 : Nil),(0.6386003017425537 : 0.11693657010722307 : Nil),(1.1108531922101974 : 0.0863870685025056 : Nil),(1.198824805021286 : 0.1596326511410964 : Nil)
slicing/map,(0.3011306971311569 : 0.00729502457063012 : Nil),(0.2409237027168274 : 0.005297269313222996 : Nil),(0.21047550141811372 : 0.0014046665739696515 : Nil),(1.4123115956783294 : 0.15531820682274897 : Nil),(0.2854159981012344 : 0.003414493314540941 : Nil),(2.9 : 0.0 : Nil),(0.38120379447937014 : 0.09760815788429737 : Nil),(0.25337089896202086 : 0.08399946243173467 : Nil),(0.4004801958799362 : 0.08553678223202722 : Nil),(0.3854597002267838 : 0.09495359607050624 : Nil)
slicing/matrix-update,(0.7228777021169662 : 0.08653402667350497 : Nil),(53.199459394812585 : 0.4235006876962474 : Nil),(0.7283429980278016 : 0.07621901096233495 : Nil),(92.5532765030861 : 0.6320112570176183 : Nil),(0.21268129646778106 : 0.005466821738627676 : Nil),(155.8 : 0.0 : Nil),(31.570536902546884 : 0.3582233019555043 : Nil),(11.23365060389042 : 0.2975963218022464 : Nil),(31.465280893445016 : 0.4807600447884143 : Nil),(34.11686190366745 : 1.2792641216823024 : Nil)
slicing/multiply,(0.08944099247455597 : 0.00408420309307379 : Nil),(0.10658210515975952 : 0.002055907080663243 : Nil),(0.19286900162696838 : 0.09523110001700959 : Nil),(0.33143019378185273 : 0.10464609383900775 : Nil),(0.08285789787769318 : 0.0012926768873814895 : Nil),(1.1 : 0.0 : Nil),(0.023250100016593934 : 0.002532255584034854 : Nil),(0.030432796478271483 : 0.002718864139577815 : Nil),(0.028895100951194762 : 0.001997443842057845 : Nil),(0.025608599185943604 : 0.001346594062126084 : Nil)
slicing/nth,(0.10979309976100922 : 0.0011942055150405016 : Nil),(0.7072039008140564 : 0.10118551226604591 : Nil),(0.19687120318412782 : 0.09815916657621063 : Nil),(1.4929064095020295 : 0.15618185269090412 : Nil),(0.09598079919815064 : 0.0018910655363606227 : Nil),(3.8 : 0.0 : Nil),(0.44064040184020997 : 0.09545480380770258 : Nil),(0.16217609941959382 : 0.0030403356956982485 : Nil),(0.4481878012418747 : 0.08868056679008003 : Nil),(0.44693900644779205 : 0.08983642311933615 : Nil)
slicing/output-not-source,(0.11638650000095367 : 0.0028320423279639207 : Nil),(0.10463869869709015 : 0.002153546680266389 : Nil),(0.12107890546321869 : 0.0020412608802445886 : Nil),(0.4694647043943405 : 0.14099617534793327 : Nil),(0.10770139694213868 : 0.0020947403806525883 : Nil),(1.0 : 0.0 : Nil),(0.03039790391921997 : 0.0005214559185864819 : Nil),(0.045249998569488525 : 0.0037322502395261215 : Nil),(0.03276700079441071 : 0.0021874908614832773 : Nil),(0.03393549621105194 : 0.0012210369580300381 : Nil)
slicing/section-5-example,(5.4817104011774065 : 0.23461999693515942 : Nil),(9.134893703460694 : 0.17472737465212923 : Nil),(1.079099401831627 : 0.138129193437481 : Nil),(33.664406499266626 : 1.6022060240185763 : Nil),(2.809573996067047 : 0.14147289078707986 : Nil),(44.3 : 0.0 : Nil),(10.57074039876461 : 0.19653721472470057 : Nil),(4.241857600212097 : 0.12313060815091385 : Nil),(11.08401740193367 : 0.19829066299166417 : Nil),(11.639646396040916 : 0.8163634960673417 : Nil)
slicing/section-5-example,(3.5193012982606886 : 0.1397721205105847 : Nil),(11.428305596113205 : 0.24455231793207594 : Nil),(0.7252118051052093 : 0.118940321561383 : Nil),(32.908103197813034 : 0.553523215999872 : Nil),(1.20574209690094 : 0.12869859752693935 : Nil),(44.3 : 0.0 : Nil),(10.883329600095749 : 0.2227121566540224 : Nil),(4.207195690274238 : 0.16419375663991428 : Nil),(11.330337899923325 : 0.2531403827229727 : Nil),(10.998170998692512 : 0.24197690033948388 : Nil)
slicing/section-5-example,(4.573441901803017 : 0.2525823420905197 : Nil),(11.546390694379806 : 0.8224122945509985 : Nil),(0.7875850945711136 : 0.14908082122408142 : Nil),(34.202514606714246 : 0.5465911748399691 : Nil),(1.8764863967895509 : 0.20025367540541214 : Nil),(44.3 : 0.0 : Nil),(11.133913999795913 : 0.17863530293465282 : Nil),(4.697285103797912 : 0.31084504642059124 : Nil),(11.544859898090362 : 0.5330043653445115 : Nil),(11.2653883010149 : 0.11381072660567712 : Nil)
slicing/zeros,(0.3540598005056381 : 0.006743453915211468 : Nil),(0.3039606958627701 : 0.17079575311520667 : Nil),(0.37879390716552735 : 0.14626890624064365 : Nil),(1.1200194031000137 : 0.19392834830643776 : Nil),(0.27218660414218904 : 0.004395644813853381 : Nil),(2.3 : 0.0 : Nil),(0.3305256962776184 : 0.12558712915199743 : Nil),(0.12516990005970002 : 0.006903016866205113 : Nil),(0.24368350207805634 : 0.01117121407519613 : Nil),(0.22360539734363555 : 0.018588528784589133 : Nil)
slicing/zeros,(0.29766770005226134 : 0.005891883339217808 : Nil),(0.2555097997188568 : 0.10624561291919489 : Nil),(0.16322679817676544 : 0.0023804796021634233 : Nil),(0.9780142068862915 : 0.14121060133060315 : Nil),(0.20347009897232055 : 0.001539155574283841 : Nil),(2.3 : 0.0 : Nil),(0.31783550381660464 : 0.11643906346435415 : Nil),(0.10472100079059601 : 0.004098475530596958 : Nil),(0.22483580112457274 : 0.005547380300191382 : Nil),(0.20389459729194642 : 0.0029014807595294716 : Nil)
slicing/zipWith,(1.5525075018405914 : 0.2017348257750336 : Nil),(1.3263996958732605 : 0.16652673989183198 : Nil),(0.4434689998626709 : 0.11766900252472037 : Nil),(4.949249896407127 : 0.09987746563026374 : Nil),(0.718391501903534 : 0.10218965218391055 : Nil),(9.7 : 0.0 : Nil),(1.209824901819229 : 0.18353245676857333 : Nil),(0.4341014951467514 : 0.0063759835638840905 : Nil),(1.365574097633362 : 0.18234698790087875 : Nil),(1.3910753935575486 : 0.184669378345517 : Nil)
slicing/linked-outputs/bar-chart-line-chart,(29.27989940047264 : 3.994573501563794 : Nil),(3335.5979616999625 : 49.03114482139639 : Nil),(34.92475490570068 : 0.9039429282844452 : Nil),(6291.112263008952 : 100.12202347384225 : Nil),(3.5144613087177277 : 0.19755018048800627 : Nil),(5525.6 : 0.0 : Nil),(2246.1168435007335 : 31.38650638874167 : Nil),(614.300160998106 : 15.713213489187385 : Nil),(2636.967258796096 : 46.71535484223219 : Nil),(2218.3990818083284 : 62.103535179514395 : Nil)
slicing/linked-outputs/stacked-bar-scatter-plot,(80.1056634992361 : 5.883584990733285 : Nil),(29132.422357994317 : 1604.7697613647506 : Nil),(26.741853198409082 : 2.112688181344008 : Nil),(32837.74975349903 : 2677.1451669546036 : Nil),(52.373130002617835 : 4.046922638811264 : Nil),(2689.8 : 0.0 : Nil),(1390.9220150023698 : 94.97660614462974 : Nil),(482.7690813064575 : 64.3623057683137 : Nil),(1595.4818053007125 : 99.10822410891912 : Nil),(1573.8590477913617 : 158.6578139605824 : Nil)
slicing/qcut,(8.394597899913787 : 1.2056070610574 : Nil),(937.8524116039276 : 74.88179418821886 : Nil),(5.693452805280685 : 0.3769309552961071 : Nil),(1597.5819855958223 : 86.51830379790765 : Nil),(2.91075439453125 : 0.5113803375112166 : Nil),(1032.2 : 0.0 : Nil),(465.82472620904446 : 34.26162425982703 : Nil),(203.72154760360718 : 18.63573746590167 : Nil),(537.4091798067093 : 38.827637591478656 : Nil),(492.4801662027836 : 29.122188430074008 : Nil)
graphics/background,(0.22268299758434296 : 0.012664794385666893 : Nil),(3.518759000301361 : 0.06590616416505717 : Nil),(0.16519469618797303 : 0.008986853433555897 : Nil),(6.057002905011177 : 0.4822976478374643 : Nil),(0.17239550054073333 : 0.011386170993803027 : Nil),(9.7 : 0.0 : Nil),(0.43180469870567323 : 0.08078188727215133 : Nil),(0.6357739001512528 : 0.06862225760628757 : Nil),(0.46179839968681335 : 0.03841517396268255 : Nil),(0.37250229716300964 : 0.009174325206895404 : Nil)
graphics/grouped-bar-chart,(10.093016305565834 : 1.2846087570760094 : Nil),(2443.9917806982994 : 184.44746701535465 : Nil),(4.64405779838562 : 0.3476248455212402 : Nil),(2873.8746098011734 : 219.23790397036151 : Nil),(12.351904603838921 : 1.6098518308454106 : Nil),(300.8 : 0.0 : Nil),(150.2098372012377 : 12.051030282323818 : Nil),(83.99774470031261 : 6.276274131807755 : Nil),(154.13704150021076 : 12.929265974342142 : Nil),(161.5328238070011 : 12.649976859200345 : Nil)
graphics/line-chart,(5.629027405381203 : 0.6860100963743756 : Nil),(979.1075998991728 : 14.422857010410187 : Nil),(4.647182497382164 : 0.38414901453427724 : Nil),(2091.117155101895 : 42.84779795967629 : Nil),(4.212722605466842 : 0.2873362385894857 : Nil),(437.9 : 0.0 : Nil),(167.5985856950283 : 5.968161184189626 : Nil),(90.8724456936121 : 3.373606102493236 : Nil),(190.0633285969496 : 13.724021751482677 : Nil),(181.5254406005144 : 7.767456743714081 : Nil)
graphics/stacked-bar-chart,(6.202271899580955 : 0.8385646074705659 : Nil),(1253.5662669986486 : 30.828287405195283 : Nil),(2.5579615950584413 : 0.14763756408839798 : Nil),(1457.601105800271 : 24.08658592280928 : Nil),(4.50814910531044 : 0.28081164306623624 : Nil),(207.2 : 0.0 : Nil),(66.84468610286713 : 2.3570634560797536 : Nil),(46.92212859392166 : 3.3536325976063037 : Nil),(88.57782419919968 : 5.843817197606844 : Nil),(73.62719549834728 : 3.0987968391182843 : Nil)